<?xml version="1.0" encoding="UTF-8"?>
<!DOCTYPE mapper PUBLIC "-//mybatis.org//DTD Mapper 3.0//EN" "http://mybatis.org/dtd/mybatis-3-mapper.dtd">

<mapper namespace="com.slloan.dao.ImagedataDao">
	<resultMap type="com.slloan.entity.ImageDataUpdate" id="beanimageData">
		<result column="filepath" property="filepath" />
		<result column="note" property="note" />
		<result column="uploads" property="uploads" />
		<result column="originalfilename" property="originalfilename" />
		<result column="uploadtype" property="uploadtype" />
		<result column="Parentnode" property="Parentnode" />
		<result column="Subnode" property="Subnode" />
		<result column="createdata" property="createData" />
	</resultMap>

<!-- 删除影像 -->
<delete id="imagedatedel" parameterType="int" >
	delete from imagedata where id=#{id}
</delete>
<insert id="imageDataAdd" parameterType="com.slloan.entity.ImageDataUpdate">
	insert into imagedata(id,filepath,note,uploads,originalfilename,uploadtype,Parentnode,Subnode,createdata)
	values(nextval('empno'),#{filepath},#{note},#{uploads},#{originalfilename},#{uploadtype},#{Parentnode},#{Subnode},#{createData})
</insert>
<!-- 展示所有 -->
<select id="list" resultType="com.slloan.entity.ImageDataUpdate">
	select * from imagedata
</select>
<!-- 根据 上传类型 原文件名  上传者姓名查所上传的-->
<select id="selectUploadsUpdateType"  parameterType="Map" resultType="com.slloan.entity.ImageDataUpdate">
	select filepath,note,uploads,uploadtype from imagedata 
	<trim prefix="WHERE" prefixOverrides="and|or">
		<if test="filepath !=null and filepath.length()>0">and filepath LIKE CONCAT('%',#{file},'%')</if>
		<if test="Parentnode !=null and Parentnode.length()>0 ">and Parentnode =#{city}</if>
		<if test="uploadtype !=null and uploadtype.length()>0">and uploadtype=#{upload_type}</if>
			<if test="id !=null and id.length()>0">and id=#{id}</if>
	</trim>
<!-- 	<where> -->
<!-- 		<if test="filepath !='' and filepath !=null">and filepath LIKE CONCAT('%',#{filepath},'%')</if> -->
<!-- 		<if test="Parentnode !='' and Parentnode !=null">and Parentnode =#{Parentnode}</if> -->
<!-- 		<if test="uploadtype !='' and uploadtype !=null">and uploadtype=#{uploadtype}</if> -->
<!-- 	</where> -->
</select>

<!-- 转账凭证&结算凭证上传文件上传改为已传 -->
<select id="financevoucherSelectToupload"  parameterType="Map"  resultType="com.slloan.entity.ImageDataUpdate">
		select filepath,note,uploads,uploadtype,Subnode from imagedata 
	<trim prefix="WHERE" prefixOverrides="and|or">
		<if test="filepath !=null and filepath.length()>0">and filepath LIKE CONCAT('%',#{filepath},'%')</if>
		<if test="Parentnode !=null and Parentnode.length()>0 ">and Parentnode =#{parentnode}</if>
		<if test="uploadtype !=null and uploadtype.length()>0">and uploadtype=#{uploadtype}</if>
	</trim>
	ORDER BY id desc
</select>
<!-- 财务审核通过待放款 -->
<update id="batchUpdateStudent"  parameterType="java.util.List">
	update 表名   set start = '待出账确认'
	where id in
	<if test="id !=null">
		<foreach collection="list" item="item" index="index" open="(" separator="," close=")">
			#{item}
		</foreach>
	</if>
	where id in
</update>

<!-- 财务批量审核拒绝退回到终审 -->
<update id="batchUpdateadopt"  parameterType="java.util.List">
	update 表名   set start = '待终审审批中'
	where id in
	<if test="id !=null">
		<foreach collection="list" item="item" index="index" open="(" separator="," close=")">
			#{item}
		</foreach>
	</if>
	where id in
</update>
</mapper>