<?xml version="1.0" encoding="UTF-8"?>
<!DOCTYPE mapper PUBLIC "-//mybatis.org//DTD Mapper 3.0//EN" "http://mybatis.org/dtd/mybatis-3-mapper.dtd">

<mapper namespace="com.slloan.dao.SubmenunavigationDao">
	<resultMap type="com.slloan.entity.SubmenunavigationEntity" id="BaseResultsubmenunavigation">
		<result column="submenuid" property="submenuid" />
		<result column="menuname" property="menuname" />
		<result column="url" property="url" />
		<result column="fatherid" property="fatherid"/>
	</resultMap>
	<!-- 二级节点 -->
	<select id="getMainMenuSubmenuid" resultMap="BaseResultsubmenunavigation" parameterType="java.lang.String">
		select * from Submenunavigation  where fatherid =#{id,jdbcType=VARCHAR}
	</select>
	
</mapper>