<?xml version="1.0" encoding="UTF-8"?>
<!DOCTYPE mapper PUBLIC "-//mybatis.org//DTD Mapper 3.0//EN" "http://mybatis.org/dtd/mybatis-3-mapper.dtd">

<mapper namespace="com.slloan.dao.personalProfileDao">
	<resultMap type="com.slloan.entity.PersonalProfile" id="personalpr">
		<result column="name" property="name" />
<result column="phoneticize" property="phoneticize" />
<result column="id_type" property="id_type" />
<result column="id_number" property="id_number" />
<result column="relationship_with_borrower" property="relationship_with_borrower" />
<result column="sex" property="sex" />
<result column="Local_domicile" property="Local_domicile" />
<result column="household_registration" property="household_registration" />
<result column="marital_status" property="marital_status" />
<result column="housing_condition_now" property="housing_condition_now" />
<result column="birthday" property="birthday" />
<result column="home_address_now" property="home_address_now" />
<result column="home_phone" property="home_phone" />
<result column="mobile_phone" property="mobile_phone" />
<result column="email" property="email" />
<result column="present_address_zip_code" property="present_address_zip_code" />
<result column="vocation" property="vocation" />
<result column="unit_industry" property="unit_industry" />
<result column="uni_name" property="uni_name" />
<result column="unit_address" property="unit_address" />
<result column="enterprise_scale" property="enterprise_scale" />
<result column="Revenue_in_the_previous_year" property="Revenue_in_the_previous_year" />
<result column="asset_scale" property="asset_scale" />
<result column="unit_phone" property="unit_phone" />
<result column="postCode" property="postCode" />
<result column="job_category" property="job_category" />
<result column="seniority" property="seniority" />
<result column="former_unit_name" property="former_unit_name" />
<result column="former_seniority" property="former_seniority" />
<result column="source_of_income" property="source_of_income" />
<result column="monthly_income" property="monthly_income" />
<result column="Income_from_investment" property="Income_from_investment" />
<result column="Other_income" property="Other_income" />
<result column="family_number" property="family_number" />
<result column="monthly_expenditure" property="monthly_expenditure" />
<result column="postal_address" property="postal_address" />
<result column="start" property="start" />
<result column="ctime" property="ctime" />
	</resultMap>

	<insert id="save" parameterType="com.slloan.entity.PersonalProfile">
		INSERT INTO borrow_information (
		name,phoneticize,id_type,
				id_number,
				relationship_with_borrower,
				sex,
				Local_domicile,
				household_registration,
				marital_status,
				housing_condition_now,
				birthday,
				home_address_now,
				home_phone,
				mobile_phone,
				email,
				present_address_zip_code,
				vocation,
				unit_industry,
				uni_name,
				unit_address,
				enterprise_scale,
				Revenue_in_the_previous_year,
				asset_scale,
				unit_phone,
				postCode,
				job_category,
				seniority,
				former_unit_name,
				former_seniority,
				source_of_income,
				monthly_income,
				Income_from_investment,
				Rent_income,
				Other_income,
				family_number,
				monthly_expenditure,
				postal_address,
				start,
				ctime
)
VALUES
	(
		#{name},
#{phoneticize},
#{id_type},
#{id_number},
#{relationship_with_borrower},
#{sex},
#{Local_domicile},
#{household_registration},
#{marital_status},
#{housing_condition_now},
#{birthday},
#{home_address_now},
#{home_phone},
#{mobile_phone},
#{email},
#{present_address_zip_code},
#{vocation},
#{unit_industry},
#{uni_name},
#{unit_address},
#{enterprise_scale},
#{Revenue_in_the_previous_year},
#{asset_scale},
#{unit_phone},
#{postCode},
#{job_category},
#{seniority},
#{former_unit_name},
#{former_seniority},
#{source_of_income},
#{monthly_income},
#{Income_from_investment},
#{Rent_income},
#{Other_income},
#{family_number},
#{monthly_expenditure},
#{postal_address},
#{start},
#{ctime})

	</insert>
	<!-- <update id="update" parameterType="personalpr"> 
	update t_user set user_name=#{userName},user_age=#{age} where user_id=#{id}
	</update> 
	<delete id="delete" parameterType="personalpr"> 
		delete from t_user where user_id=#{id} 
		</delete> 
		mybsits_config中配置的alias类别名,也可直接配置resultType为类路径 
		<select id="findById" parameterType="int" resultType="personalpr"> 
		select 
		user_id id,user_name userName,user_age age from t_user where user_id=#{id} 
		</select> 
		<select id="findAll" resultType="personalpr"> 
		select user_id id,user_name 
		userName,user_age age from t_user 
		
		</select> 
		
		-->
		
		<!-- 根据ID查记录 -->
		<select id="SelectById" parameterType="int"  resultType="com.slloan.entity.PersonalProfile">
				select * from borrow_information where id = #{id}
		</select>
		
		
		
		<!-- 查询 -->
		
		<update id="perupdate" parameterType="com.slloan.entity.JointApplicant">
				update borrow_information 
				<set>
					<if test="name !=null and name !=''">name = #{name},</if>
					<if test="phoneticize !=null and phoneticize !=''">phoneticize=#{phoneticize},</if>
					<if test="id_type  !=null and id_type !=''">id_type=#{id_type},</if>
					<if test="id_number  !=null and id_number !=''">id_number=#{id_number},</if>
					<if test="relationship_with_borrower  !=null and relationship_with_borrower !=''">relationship_with_borrower=#{relationship_with_borrower},</if>
					<if test="sex !=null and sex !=''">sex=#{sex},</if>
					<if test="Local_domicile !=null and Local_domicile !=''">Local_domicile = #{Local_domicile},</if>
					<if test="household_registration !=null and household_registration !=''">household_registration = #{household_registration},</if>
					<if test="marital_status !=null and marital_status !=''">marital_status = #{marital_status},</if>
					
					<if test="housing_condition_now !=null and housing_condition_now !=''">housing_condition_now = #{housing_condition_now},</if>
					<if test="birthday !=null and birthday !=''">birthday=#{birthday},</if>
					<if test="home_address_now  !=null and home_address_now !=''">home_address_now=#{home_address_now},</if>
					<if test="home_phone  !=null and home_phone !=''">home_phone=#{home_phone},</if>
					<if test="mobile_phone  !=null and mobile_phone !=''">mobile_phone=#{mobile_phone},</if>
					<if test="email !=null and email !=''">email=#{email},</if>
					<if test="present_address_zip_code !=null and present_address_zip_code !=''">present_address_zip_code = #{present_address_zip_code},</if>
					<if test="vocation !=null and vocation !=''">vocation = #{vocation},</if>
					<if test="unit_industry !=null and unit_industry !=''">unit_industry = #{unit_industry},</if>
					
					<if test="uni_name !=null and uni_name !=''">uni_name = #{uni_name},</if>
					<if test="unit_address !=null and unit_address !=''">unit_address=#{unit_address},</if>
					<if test="enterprise_scale  !=null and enterprise_scale !=''">enterprise_scale=#{enterprise_scale},</if>
					<if test="Revenue_in_the_previous_year  !=null and Revenue_in_the_previous_year !=''">Revenue_in_the_previous_year=#{Revenue_in_the_previous_year},</if>
					<if test="asset_scale  !=null and asset_scale !=''">asset_scale=#{asset_scale},</if>
					<if test="unit_phone !=null and unit_phone !=''">unit_phone=#{unit_phone},</if>
					<if test="postCode !=null and postCode !=''">postCode = #{postCode},</if>
					<if test="job_category !=null and job_category !=''">job_category = #{job_category},</if>
					<if test="seniority !=null and seniority !=''">seniority = #{seniority},</if>
					
					<if test="former_unit_name !=null and former_unit_name !=''">former_unit_name = #{former_unit_name},</if>
					<if test="former_seniority !=null and former_seniority !=''">former_seniority=#{former_seniority},</if>
					<if test="source_of_income  !=null and source_of_income !=''">source_of_income=#{source_of_income},</if>
					<if test="monthly_income  !=null and monthly_income !=''">monthly_income=#{monthly_income},</if>
					<if test="Income_from_investment  !=null and Income_from_investment !=''">Income_from_investment=#{Income_from_investment},</if>
					<if test="Rent_income !=null and Rent_income !=''">Rent_income=#{Rent_income},</if>
					<if test="Other_income !=null and Other_income !=''">Other_income = #{Other_income},</if>
					<if test="family_number !=null and family_number !=''">family_number = #{family_number},</if>
					<if test="monthly_expenditure !=null and monthly_expenditure !=''">monthly_expenditure = #{monthly_expenditure},</if>
					<if test="postal_address !=null and postal_address !=''">postal_address = #{postal_address},</if>
					<if test="start !=null and start !=''">start = #{start},</if>
					<if test="ctime !=null and ctime !=''">ctime = #{ctime},</if>


				</set>
					 WHERE id = #{id}
		</update>
		
		
	
</mapper>