<?xml version="1.0" encoding="UTF-8"?>
<!DOCTYPE mapper PUBLIC "-//mybatis.org//DTD Mapper 3.0//EN" "http://mybatis.org/dtd/mybatis-3-mapper.dtd">

<mapper namespace="com.slloan.dao.propertyInformationDao">
	<resultMap type="com.slloan.entity.PropertyInformation" id="propertyinfor">
		<result column="ownership_And_percentage" property="ownership_And_percentage" />
		<result column="property_Address" property="property_Address" />
		<result column="conStruction_Area" property="conStruction_Area" />
		<result column="inner_Area" property="inner_Area" />
		<result column="sales_Contract_Number" property="sales_Contract_Number" />
		<result column="certificate_of_Title" property="certificate_of_Title" />
		<result column="proPerty_for" property="proPerty_for" />
		<result column="the_Assessed_Value" property="the_Assessed_Value" />
		<result column="original_Loan_Bank" property="original_Loan_Bank" />
		<result column="original_Loan_Amount" property="original_Loan_Amount" />
		<result column="loan_Outstanding_Balance" property="loan_Outstanding_Balance" />
		<result column="house_Account" property="house_Account" />
		<result column="enterprise_scale" property="enterprise_scale" />
		<result column="transaCtion_Price" property="transaCtion_Price" />
		<result column="purchase_Deposit" property="purchase_Deposit" />
		<result column="supervision_of_funds" property="supervision_of_funds" />
		<result column="new_loan_Bank" property="new_loan_Bank" />
		<result column="former_seniority" property="former_seniority" />
		<result column="source_of_income" property="source_of_income" />
		<result column="new_Loan_Approval_Amount" property="new_Loan_Approval_Amount" />
		<result column="new_Loan_Bank_Account_Number" property="new_Loan_Bank_Account_Number" />
		<result column="note_DescriPtion" property="note_DescriPtion" />
		<result column="state" property="state" />
		<result column="ctime" property="ctime" />
	</resultMap>

	<insert id="save" parameterType="com.slloan.entity.PropertyInformation">  
       INSERT INTO property_information (
	ownership_And_percentage,
	property_Address,
	conStruction_Area,
	inner_Area,
	sales_Contract_Number,
	certificate_of_Title,
	proPerty_for,
	the_Assessed_Value,
	original_Loan_Bank,
	original_Loan_Amount,
	loan_Outstanding_Balance,
	house_Account,
	transaCtion_Price,
	purchase_Deposit,
	supervision_of_funds,
	new_loan_Bank,
	new_Loan_Approval_Amount,
	new_Loan_Bank_Account_Number,
	note_DescriPtion,
	state,
	ctime
)
VALUES
	(
		#{ownership_And_percentage},#{property_Address},#{conStruction_Area},#{inner_Area},#{sales_Contract_Number},#{certificate_of_Title},#{proPerty_for},#{the_Assessed_Value},#{original_Loan_Bank},#{original_Loan_Amount},#{loan_Outstanding_Balance},				
		#{house_Account},#{transaCtion_Price},#{purchase_Deposit},#{supervision_of_funds},#{new_loan_Bank},#{new_Loan_Approval_Amount},#{new_Loan_Bank_Account_Number},#{note_DescriPtion},#{state},#{ctime})

    </insert>  
    
    <!-- 根据ID查记录 -->
		<select id="SelectById" parameterType="int"  resultType="com.slloan.entity.PropertyInformation">
				select * from property_information where id = #{id}
		</select>
     
    <update id="proupdate" parameterType="com.slloan.entity.PropertyInformation">   
    update property_information  
       <set>
					<if test="ownership_And_percentage !=null and ownership_And_percentage !=''">ownership_And_percentage = #{ownership_And_percentage},</if>
					<if test="property_Address !=null and property_Address !=''">property_Address = #{property_Address},</if>
					<if test="conStruction_Area  !=null and conStruction_Area !=''">conStruction_Area = #{conStruction_Area},</if>
					<if test="inner_Area  !=null and inner_Area !=''">inner_Area = #{inner_Area},</if>
					<if test="sales_Contract_Number  !=null and sales_Contract_Number !=''">sales_Contract_Number = #{sales_Contract_Number},</if>
					<if test="certificate_of_Title !=null and certificate_of_Title !=''">certificate_of_Title = #{certificate_of_Title},</if>
					<if test="proPerty_for !=null and proPerty_for !=''">proPerty_for = #{proPerty_for},</if>
					<if test="the_Assessed_Value !=null and the_Assessed_Value !=''">the_Assessed_Value = #{the_Assessed_Value},</if>
					<if test="original_Loan_Bank !=null and original_Loan_Bank !=''">original_Loan_Bank = #{original_Loan_Bank},</if>
					<if test="original_Loan_Amount !=null and original_Loan_Amount !=''">original_Loan_Amount = #{original_Loan_Amount},</if>
					<if test="loan_Outstanding_Balance  !=null and loan_Outstanding_Balance !=''">loan_Outstanding_Balance = #{loan_Outstanding_Balance},</if>
					<if test="house_Account  !=null and house_Account !=''">house_Account = #{house_Account},</if>
					<if test="transaCtion_Price !=null and transaCtion_Price !=''">transaCtion_Price = #{transaCtion_Price},</if>
					<if test="purchase_Deposit !=null and purchase_Deposit !=''">purchase_Deposit = #{purchase_Deposit},</if>
					<if test="supervision_of_funds !=null and supervision_of_funds !=''">supervision_of_funds = #{supervision_of_funds},</if>
					<if test="new_loan_Bank !=null and new_loan_Bank !=''">new_loan_Bank = #{new_loan_Bank},</if>
					<if test="new_Loan_Approval_Amount !=null and new_Loan_Approval_Amount !=''">new_Loan_Approval_Amount = #{new_Loan_Approval_Amount},</if>
					<if test="new_Loan_Bank_Account_Number !=null and new_Loan_Bank_Account_Number !=''">new_Loan_Bank_Account_Number = #{new_Loan_Bank_Account_Number},</if>
					<if test="note_DescriPtion !=null and note_DescriPtion !=''">note_DescriPtion = #{note_DescriPtion},</if>
					<if test="state !=null and state !=''">state = #{state},</if>
					<if test="ctime !=null and ctime !=''">ctime = #{ctime},</if>
				</set>
					 WHERE id = #{id}   
					 

    </update>   
      
    <delete id="delete" parameterType="com.slloan.entity.PropertyInformation">    
        delete from property_information where user_id=#{id}    
    </delete>    
        
   
    <select id="findById" parameterType="int" resultType="com.slloan.entity.PropertyInformation"> 
       
        select user_id id,user_name userName,user_age age from t_user where user_id=#{id}    
      
    </select>    
        
    <select id="findAll" resultType="com.slloan.entity.PropertyInformation">    
        select user_id id,user_name userName,user_age age from t_user    
    </select> 
	
</mapper>