<?xml version="1.0" encoding="UTF-8"?>
<!DOCTYPE mapper PUBLIC "-//mybatis.org//DTD Mapper 3.0//EN" "http://mybatis.org/dtd/mybatis-3-mapper.dtd">

<mapper namespace="com.slloan.dao.districtDao">
	<resultMap type="com.slloan.entity.UtilCity" id="utilcity">
		<result column="type" property="type" />
		<result column="parent_id" property="parent_id" />
		<result column="name" property="name" />
		<result column="short" property="shortt" />
	</resultMap>

	<!-- 登录 -->
	<select id="getProvinces" resultType="utilcity">
		Select name,id From  city where parent_id = '' 
	</select>
	
	<select id="getCities" resultType="utilcity" parameterType="String">
		Select * From (Select * from city Where parent_id=#{province})  city
	</select>
	

</mapper>