<?xml version="1.0" encoding="UTF-8"?>
<!DOCTYPE configuration PUBLIC "-//mybatis.org//DTD Config 3.0//EN" "http://mybatis.org/dtd/mybatis-3-config.dtd">
<configuration>
	<settings>
		<!-- 这个配置使全局的映射器启用或禁用缓存 -->
		<setting name="cacheEnabled" value="true" />
		<!-- 允许jdbc支持生成的键。需要适合的驱动。如果设置为true则这个设置强制生成的键被使用，尽管 一些驱动拒绝兼容但仍然有效（比如Derby）-->
		<setting name="useGeneratedKeys" value="true"/>
		<!-- 配置默认的执行器。SIMPLE 执行器没有什么特别之处。reuse执行器重用预处理语句。BATCH 执行器重用语句和批量更新 -->
		<setting name="lazyLoadingEnabled" value="true"/>
		<!-- 设置超时时间，它决定驱动等待一个数据库响应的时间 -->		
		<setting name="defaultStatementTimeout" value="2500"/>
		<setting name="logPrefix" value="dao."/>
	</settings>
	<!-- 别名配置，查找该包内的所有bean实例名为类名 -->
		<typeAliases>
			<package name="com.slloan.entity"/>
		</typeAliases>
		
		<!-- <mappers>  
        <mapper resource="com/lyt/mapper" />  
    	</mappers>  	 -->
</configuration> 