<?xml version="1.0" encoding="UTF-8"?>
<beans  xmlns:task="http://www.springframework.org/schema/task"
	xmlns="http://www.springframework.org/schema/beans" xmlns:xsi="http://www.w3.org/2001/XMLSchema-instance"
	xmlns:aop="http://www.springframework.org/schema/aop" xmlns:context="http://www.springframework.org/schema/context"
	xmlns:tx="http://www.springframework.org/schema/tx"
	xmlns:mvc="http://www.springframework.org/schema/mvc"
	xsi:schemaLocation="http://www.springframework.org/schema/beans
http://www.springframework.org/schema/beans/spring-beans-3.0.xsd
http://www.springframework.org/schema/context
http://www.springframework.org/schema/context/spring-context-3.0.xsd
http://www.springframework.org/schema/task
http://www.springframework.org/schema/task/spring-task-3.1.xsd
http://www.springframework.org/schema/aop 
http://www.springframework.org/schema/aop/spring-aop-3.0.xsd
http://www.springframework.org/schema/tx 
http://www.springframework.org/schema/tx/spring-tx-3.0.xsd
http://www.springframework.org/schema/mvc 
http://www.springframework.org/schema/mvc/spring-mvc-3.0.xsd">

<!-- SpringMvc上传文件时，需要配置 multipartResolver处理器-->
<bean id="multipartResolver" class="org.springframework.web.multipart.commons.CommonsMultipartResolver">
	<!-- 默认编码 -->  
        <property name="defaultEncoding" value="utf-8" />    
        <!-- 文件大小最大值 -->  
        <property name="maxUploadSize" value="-1" />    
        <!-- 内存中的最大值 -->  
<!--         <property name="maxInMemorySize" value="40960" /> -->
</bean>
<!-- SpringMVC在超出上传文件限制时，会抛出org.springframework.web.multipart.MaxUploadSizeExceededException -->  
    <!-- 该异常是SpringMVC在检查上传的文件信息时抛出来的，而且此时还没有进入到Controller方法中 -->  
   <!--  <bean class="org.springframework.web.servlet.handler.SimpleMappingExceptionResolver">  
        <property name="exceptionMappings">  
            <props>  
                遇到MaxUploadSizeExceededException异常时，自动跳转到/WEB-INF/error_fileupload.jsp页面  
                <prop key="org.springframework.web.multipart.MaxUploadSizeExceededException">/error/filetype</prop>  
                  <prop key="org.apache.commons.fileupload.FileUploadBase$SizeLimitExceededException">WEB-INF/jsp/error/filetype/error/500</prop>  
                处理其它异常(包括Controller抛出的)  
                <prop key="java.lang.Throwable">/WEB-INF/jsp/error/404.html</prop>  
					<prop key="java.lang.Throwable">/error/500</prop>  
            </props>  
        </property>  
    </bean> 
    
<bean class="com.slloan.util.ExceptionHandler"></bean> -->
</beans>
 